{"cameraMode":{"drawMode":0,"name":"Shaded","section":"Shading Mode"},"sceneLighting":false,"audioPlay":false,"sceneViewState":{"showFog":true,"showMaterialUpdate":false,"showSkybox":false,"showFlares":true,"showImageEffects":true,"showParticleSystems":true},"in2DMode":false,"pivot":{"x":0.003082874696701765,"y":0.01630457490682602,"z":0.01640782505273819},"rotation":{"x":-0.22034910321235658,"y":0.4040868282318115,"z":-0.10094800591468811,"w":-0.882027804851532},"size":0.13038870692253114,"orthographic":false}